date,product_id,actual_sales,predicted_sales,predicted_low,predicted_high
2009-12-07,22086,5203.95,4419.980982021234,3737.2466885655585,5057.959858717775
2009-12-07,47566,213.9,158.92251665539084,0.0,898.8624487293984
2009-12-07,84879,3284.0499999999997,2856.9400506204342,1866.9491290560904,3845.4596356118986
2009-12-07,85099B,2157.6,2036.7910773085814,1050.7636439461655,2991.7645535009437
2009-12-07,85123A,5683.65,7058.974935765345,5704.148614982944,8504.984702846517
2009-12-07,M,1.06,853.4753959221662,0.0,3602.835310702378
2009-12-07,POST,1355.0,855.2306763626241,0.0,1755.7882219765827
2009-12-14,22086,1865.85,2712.224138330324,2052.8412753349917,3397.2403270732893
2009-12-14,47566,97.65,103.90037784482959,0.0,830.8885407270628
2009-12-14,84879,2597.72,1945.683054232236,977.6464478400874,2916.9954732106007
2009-12-14,85099B,2287.5,1554.3928600610511,642.0807225067038,2577.3321333895155
2009-12-14,85123A,7743.11,5608.046417012314,4162.641538615892,7045.580521701266
2009-12-14,M,1257.67,1076.7796927095628,0.0,3745.8309605909376
2009-12-14,POST,934.0,674.5677622909287,0.0,1713.6111454585912
2009-12-21,22086,497.3,779.5204845671159,101.56565103328299,1509.9745350885876
2009-12-21,47566,186.0,110.75432702922994,0.0,850.302672448705
2009-12-21,84879,1336.04,1176.5342840286087,160.24834339583222,2152.727654878077
2009-12-21,85099B,2028.6,1218.6802581870945,233.63438331757473,2102.652976665551
2009-12-21,85123A,3083.3,2887.5928868943697,1491.2422035884817,4266.385783125594
2009-12-21,M,947.7099999999999,711.4948479436061,0.0,3182.5899644651004
2009-12-21,POST,534.0,420.26770880871555,0.0,1317.1970000672598
2009-12-28,84879,54.08,555.9234512592265,0.0,1566.1344872235247
2009-12-28,85099B,39.0,1008.5062675270209,105.47009566716223,1936.6721372533507
2009-12-28,85123A,17.700000000000003,994.7839473333381,0.0,2490.9696780650524
2009-12-28,POST,80.0,267.27695962156656,0.0,1146.0994504746106
2010-01-04,47566,13.950000000000001,156.32978269266096,0.0,943.7423473181572
2010-01-04,85099B,722.4,929.7139629144357,0.0,1881.3562420534527
2010-01-04,85123A,96.35,1398.7858067114619,0.0,2753.8371740602497
2010-01-11,22086,17.700000000000003,0.0,0.0,632.8332688474098
2010-01-11,47566,223.2,170.90740162123865,0.0,915.4375239263882
2010-01-11,84879,338.0,262.46124728483227,0.0,1251.717595021187
2010-01-11,85099B,1548.0,1002.1262881392441,0.0,1984.865653367519
2010-01-11,85123A,4603.2,3425.524858197793,2017.9308437671948,4902.677845336649
2010-01-11,M,2975.7799999999997,1985.49214536663,0.0,4679.948415516482
2010-01-11,POST,674.0,512.3638115186982,0.0,1419.9663999015406
2010-01-18,47566,288.3,209.83307568783363,0.0,937.6728972944804
2010-01-18,84879,410.67,613.4393271390081,0.0,1544.421530531865
2010-01-18,85099B,1252.65,1162.5889956795606,262.86224084137297,2120.098763579049
2010-01-18,85123A,2604.0,4956.853348545247,3471.0051628473307,6333.54686941884
2010-01-18,M,902.25,2569.4426628607057,0.0,5451.767392562863
2010-01-18,POST,803.0,627.0844787059085,0.0,1554.8065972172515
2010-01-25,22086,5.9,56.57140890677241,0.0,722.9502015388167
2010-01-25,47566,241.8,286.1872160716967,0.0,1020.412067699977
2010-01-25,84879,1333.6,920.9582283259163,0.0,1909.7312635344338
2010-01-25,85099B,1094.85,1274.521337515356,333.27035061086445,2250.868930953909
2010-01-25,85123A,3859.4,4573.695277235922,3150.0455702208947,6049.161876920482
2010-01-25,M,2737.54,3459.35874305231,449.0511689715845,6333.893560193583
2010-01-25,POST,602.0,573.8933880136913,0.0,1566.3180549370722
2010-02-01,47566,631.35,380.57121082608865,0.0,1181.3191222694045
2010-02-01,84879,358.28000000000003,909.4704584221796,0.0,1882.820403665767
2010-02-01,85099B,1635.45,1263.5565922663004,297.92759364506554,2251.171434522926
2010-02-01,85123A,3417.35,2822.7273524891025,1363.6681601623984,4181.992068986387
2010-02-01,M,9823.79,4533.480825420366,1664.417900256787,7583.738819793395
2010-02-01,POST,887.0,452.72619801139064,0.0,1412.819931294098
2010-02-08,47566,232.5,452.53804500464895,0.0,1206.7258761624691
2010-02-08,84879,415.74,650.8486787003783,0.0,1666.9823714255642
2010-02-08,85099B,772.35,1196.7650314413609,191.2309771186123,2113.630985535185
2010-02-08,85123A,2140.5,1374.203701517163,60.07389993359835,2890.2920527776
2010-02-08,M,1080.94,4558.654544183891,1699.8325988211031,7381.5845221242225
2010-02-08,POST,716.0,411.63411697354763,0.0,1315.330652920232
2010-02-15,47566,195.3,472.76724329992095,0.0,1201.0878962011977
2010-02-15,84879,815.52,482.10481594468433,0.0,1483.976633623848
2010-02-15,85099B,1787.25,1187.6986772820494,238.2444823882705,2178.5253764838544
2010-02-15,85123A,1494.45,1205.342919226973,0.0,2718.660963137739
2010-02-15,M,1611.2,2479.678073305001,0.0,5331.472834158718
2010-02-15,POST,1280.0,447.07327517221285,0.0,1410.5261365156111
2010-02-22,47566,753.3000000000001,454.2968703484997,0.0,1196.4776157350589
2010-02-22,84879,834.11,630.0592955318399,0.0,1620.8067605888634
2010-02-22,85099B,994.9499999999999,1252.0232334582977,291.6708229291698,2175.3317364204568
2010-02-22,85123A,1498.45,1842.9366814148711,544.6640132659201,3209.793298769882
2010-02-22,M,127.36,0.0,0.0,1965.1281055298025
2010-02-22,POST,1.0,422.1321179485636,0.0,1351.3396229724149
2010-03-01,47566,348.75,454.6815159485221,0.0,1199.0923817139715
2010-03-01,84879,550.9399999999999,967.1223362900022,72.72582020382106,1993.0608865448648
2010-03-01,85099B,1025.25,1311.8490693423598,311.8591032722164,2273.331061264758
2010-03-01,85123A,2510.6,2260.329258267489,849.0340273542396,3632.2311842445683
2010-03-01,M,52.44,0.0,0.0,935.6838979550575
2010-03-01,POST,585.0,289.52159407458777,0.0,1212.7944258037978
2010-03-08,22086,5.9,231.94386157595977,0.0,921.5123589376735
2010-03-08,47566,773.7,533.8806486343783,0.0,1282.0330719493415
2010-03-08,84879,1381.44,1173.894039531242,148.65134699086067,2197.813533575737
2010-03-08,85099B,1574.25,1336.6061272148138,376.10728367175506,2306.8654874334493
2010-03-08,85123A,2686.57,2124.959980169397,735.3744143304664,3536.065820606247
2010-03-08,M,374.99,683.5790104329249,0.0,3594.663480674052
2010-03-08,POST,1342.6,212.37555084827676,0.0,1164.1076986968594
2010-03-15,22423,102.0,1701.4949215596746,51.23885793626012,3109.0210741108763
2010-03-15,47566,657.45,693.3640326881147,0.0,1440.298721498555
2010-03-15,84879,1322.76,1106.181021144051,69.07577560670579,2171.585851883667
2010-03-15,85099B,1030.5,1404.4167637948333,452.99850806177784,2360.6889016219593
2010-03-15,85123A,1749.15,1943.4165090519666,559.0247795070286,3369.907182846456
2010-03-15,M,103.1,5978.087174924884,3356.7877571684803,8712.110932540838
2010-03-15,POST,683.0,377.5148214783527,0.0,1323.6450876071176
2010-03-22,22086,35.400000000000006,0.0,0.0,525.6806272467052
2010-03-22,22423,2482.5,2313.782581769285,724.1299916862137,3878.5950943866897
2010-03-22,47566,927.15,857.5436922405551,114.3340430336972,1579.5349735147834
2010-03-22,84879,687.8299999999999,932.7409225666537,0.0,1966.8973622236203
2010-03-22,85099B,1032.0,1570.594396287815,529.2437549169633,2519.7502452814792
2010-03-22,85123A,3946.75,2183.559657341908,837.9052006345203,3595.8133377337927
2010-03-22,M,14419.25,9897.574734109552,7113.829473258051,12755.79619685359
2010-03-22,POST,394.0,706.006919435491,0.0,1690.1768411276332
2010-03-29,22423,4676.4,3328.055340251654,1830.563672287742,4740.733551311686
2010-03-29,47566,860.25,935.2048041091635,228.19760268029677,1744.9376744424953
2010-03-29,84879,1046.82,900.4217510380652,0.0,1882.7285354250753
2010-03-29,85099B,1606.2,1719.1147334407433,784.7782968279015,2626.0495675397156
2010-03-29,85123A,3317.45,2640.609178769356,1266.88553228335,3989.462326099403
2010-03-29,M,12399.23,9392.82948235167,6530.897689746234,12270.66852434652
2010-03-29,POST,766.0,860.5612576186936,0.0,1849.930814984959
2010-04-05,22423,1416.45,3634.9820607278352,2164.2499585763285,5157.222701283619
2010-04-05,47566,116.25,916.4466625553579,188.6512984098975,1644.6938171576608
2010-04-05,84879,501.93,1033.2628255794696,113.21878806877649,2023.6014372684524
2010-04-05,85099B,924.6,1643.5243849078283,677.9474941234961,2616.124797962722
2010-04-05,85123A,1148.4,2794.786268587754,1393.7338417117812,4200.924597411937
2010-04-05,M,41.88,5208.2380583245385,2159.1203519841274,8299.195524642151
2010-04-05,POST,357.0,622.9628986626476,0.0,1574.6110175798565
2010-04-12,22423,2646.1499999999996,3082.7530615753894,1520.4805823955085,4493.787750405246
2010-04-12,47566,862.05,903.5820381505157,186.32590067606125,1613.2527054443924
2010-04-12,84879,1399.04,1132.9245211256682,176.8338476394264,2073.154873697869
2010-04-12,85099B,1623.0,1315.4377711526245,398.4809991925631,2202.747050324547
2010-04-12,85123A,2694.3,2550.117191848563,1264.197619327151,3844.0659577931133
2010-04-12,M,83.88,940.7356416019659,0.0,3681.097588050267
2010-04-12,POST,930.0,223.01850838556663,0.0,1084.7533069152873
2010-04-19,22423,3683.3999999999996,2602.6949587802196,989.4561823544602,4276.532903825588
2010-04-19,47566,1681.35,1024.779179757888,315.8789673765283,1816.9392011490197
2010-04-19,84879,957.01,1058.9717779266405,47.099875194034176,2128.048098750298
2010-04-19,85099B,904.5,1006.7009052051885,47.835200884727534,1989.5740248663212
2010-04-19,85123A,2461.95,2337.690133188758,1030.7025947970699,3743.3076535111572
2010-04-19,M,314.38,0.0,0.0,2261.1230325369615
2010-04-19,POST,784.0,174.2637813123075,0.0,1032.650917070305
2010-04-26,22086,2.95,0.0,0.0,522.5450013921392
2010-04-26,22423,3882.45,2930.5576750393143,1367.752145961992,4393.91697682186
2010-04-26,47566,1790.4,1303.871378030304,575.011253404983,2095.6531560873686
2010-04-26,84879,969.84,920.7224798240205,0.0,1893.8736954178075
2010-04-26,85099B,1680.3,1050.1373757309016,70.0366521110027,2045.1431315473776
2010-04-26,85123A,1696.3000000000002,2509.936171469648,1123.0576345836525,3921.543092787115
2010-04-26,M,2166.35,486.8114342057933,0.0,3256.8852962719043
2010-04-26,POST,952.0,720.2405090111205,0.0,1639.0565171359192
2010-05-03,22086,53.1,0.0,0.0,628.8025403164125
2010-05-03,22423,2587.35,3597.3517099495302,2055.2442060886474,5111.5095865453695
2010-05-03,47566,1245.15,1621.9412806143253,909.2163486906522,2397.7961121072167
2010-05-03,84879,1055.03,934.6617896040981,0.0,1967.768399582792
2010-05-03,85099B,2058.6,1462.1722774012908,487.32945443932863,2406.879111620733
2010-05-03,85123A,2485.55,2891.5095970007924,1521.0336927601115,4390.821649155648
2010-05-03,M,63.68,1708.8696432545253,0.0,4437.930832371843
2010-05-03,POST,746.0,1498.0574170737582,563.0512062627429,2446.9868147310112
2010-05-10,22086,137.4,170.83753044469339,0.0,884.2879879552054
2010-05-10,22423,3731.1,3513.7984958275492,2061.6351599776144,4957.889333675341
2010-05-10,47566,2403.15,1819.5074114750068,1066.8956677661072,2605.471699161478
2010-05-10,84879,686.14,1130.0195896169478,149.22919455054088,2125.318462993813
2010-05-10,85099B,2436.3,1871.953224242969,904.5575564722691,2811.644629137358
2010-05-10,85123A,3185.1,3066.92128270251,1661.5792421935582,4530.872771430144
2010-05-10,M,1371.12,1528.6110939189111,0.0,4160.4172855149745
2010-05-10,POST,956.0,1856.8380145720137,964.6631900030238,2769.452859124788
2010-05-17,22086,11.8,159.53446559183237,0.0,812.2365365953925
2010-05-17,22423,1239.6,2428.7123014346093,778.0589416295466,3862.5531735863765
2010-05-17,47566,1795.5,1835.9638620671028,1066.973394527329,2609.695168225843
2010-05-17,84879,1428.99,1280.5334592734923,234.49369264725485,2329.0808994824156
2010-05-17,85099B,1341.75,1886.843999798615,958.36610428053,2845.7727654235546
2010-05-17,85123A,2819.8,2951.7457505494185,1465.8149064620743,4242.054702722369
2010-05-17,M,133.7,459.962538313682,0.0,3420.7064446557024
2010-05-17,POST,823.0,1486.1016595743456,514.02366928545,2458.1150564950294
2010-05-24,22086,5.9,0.0,0.0,569.8936341126475
2010-05-24,22423,306.0,1396.4008735070743,0.0,2900.5282635733643
2010-05-24,47566,1428.0,1739.775124797086,974.7824569165209,2491.481450402635
2010-05-24,84879,599.95,1160.9252395168417,106.96960839047868,2210.532214411586
2010-05-24,85099B,1297.65,1511.4032722212153,564.0518418957432,2508.2879398661894
2010-05-24,85123A,3284.5499999999997,2842.827804520968,1534.9150991997105,4313.057268986057
2010-05-24,M,29.07,0.0,0.0,2858.9015550476597
2010-05-24,POST,911.0,753.2643269581059,0.0,1715.3309915182385
2010-05-31,47566,2330.85,1627.4852097272408,840.5163059478078,2378.95465348913
2010-05-31,84879,691.68,822.4991136029328,0.0,1781.0693937215274
2010-05-31,85099B,1077.3,1144.6630489618935,197.151348112064,2085.951839330128
2010-05-31,85123A,2268.6,2911.356377388015,1454.0840553031057,4451.064340243351
2010-05-31,M,32.37,366.2474252423125,0.0,3179.9406413947854
2010-05-31,POST,460.0,312.35826622921263,0.0,1288.1316952072762
2010-06-07,22086,11.8,0.0,0.0,437.7132065272846
2010-06-07,22423,1777.9499999999998,2903.730405324732,1388.644627640232,4404.886179691968
2010-06-07,47566,1416.6,1520.1628519857272,786.5514973696606,2292.074028371418
2010-06-07,84879,562.77,550.6490674974215,0.0,1521.3783130798831
2010-06-07,85099B,1608.15,1151.0115775602856,181.95236235860554,2113.2369383751234
2010-06-07,85123A,3020.4,2897.474079434395,1350.8319173312962,4430.159150172461
2010-06-07,M,16.9,1000.407962620019,0.0,3811.5943833377664
2010-06-07,POST,686.2,434.2156449272222,0.0,1274.7740612578
2010-06-14,22086,5.9,118.0825342551242,0.0,824.4896431982389
2010-06-14,22423,4932.75,3963.230058549223,2322.195514308807,5411.368961192743
2010-06-14,47566,2599.65,1380.5078704483442,583.0896344648722,2107.899609807349
2010-06-14,84879,853.92,553.8832748422655,0.0,1578.7974888813915
2010-06-14,85099B,1459.8,1485.243536156326,519.3545283928391,2430.5325613984155
2010-06-14,85123A,2612.5499999999997,2483.031258713192,1208.4449206896566,3859.189935298777
2010-06-14,M,2373.25,1009.2327770004131,0.0,4008.2278474345812
2010-06-14,POST,601.0,795.1437647483278,0.0,1752.1538082455306
2010-06-21,22086,94.4,443.07376326308037,0.0,1168.3041346312098
2010-06-21,22423,4428.599999999999,3704.9868404802974,2148.807605369688,5149.175517309864
2010-06-21,47566,266.8,1215.4103398396503,436.6790502878969,1930.3450775084495
2010-06-21,84879,535.73,745.8406864794739,0.0,1758.4668257865067
2010-06-21,85099B,1285.95,1782.8776664501206,822.0500555011891,2742.0749827186673
2010-06-21,85123A,2177.85,1846.1215031792212,511.8610482300363,3166.5900324268655
2010-06-21,M,274.87,522.6754653100774,0.0,3227.5834110050546
2010-06-21,POST,588.0,907.9667033922062,19.42226549544919,1847.954223921095
2010-06-28,22086,770.9,435.0120312924205,0.0,1104.5344491114092
2010-06-28,22423,2574.15,2537.321993867581,1087.9412765831814,4084.369281900121
2010-06-28,84879,568.08,872.1997350486996,0.0,2004.4031403198003
2010-06-28,85099B,1645.2,1781.7842095671751,881.0269040453669,2694.1998162549967
2010-06-28,85123A,2941.85,1584.3309442031216,169.88478817621825,2959.5085230987916
2010-06-28,M,31.08,204.3787558390932,0.0,2994.0624865103996
2010-06-28,POST,822.0,678.2424620062804,0.0,1512.7746107911905
2010-07-05,22086,123.9,212.5287157504962,0.0,884.4690406387165
2010-07-05,22423,4067.1,1852.4847584110103,318.82656402278013,3401.8934179549847
2010-07-05,84879,1359.56,822.5359129830574,0.0,1816.327580879396
2010-07-05,85099B,2580.15,1576.2688245060128,642.0786625170227,2608.45057343918
2010-07-05,85123A,2000.45,2010.3452584234874,599.1437363539349,3562.9563865057544
2010-07-05,M,198.18,301.6858424474543,0.0,3002.171267405093
2010-07-05,POST,1507.0,447.3603272465574,0.0,1382.8635229760248
2010-07-12,22086,35.400000000000006,83.85100345601617,0.0,782.1199937784182
2010-07-12,22423,1648.1999999999998,2482.4620001384014,972.312755988856,3975.789894499091
2010-07-12,84879,803.22,760.5627265443239,0.0,1788.785769042722
2010-07-12,85099B,886.9499999999999,1440.891375013568,457.7660202658216,2414.352004397263
2010-07-12,85123A,1670.7,2706.4148451827396,1234.696944842801,4053.7578389739265
2010-07-12,M,725.02,498.9043618662871,0.0,3380.7084687691286
2010-07-12,POST,632.0,525.7460660288214,0.0,1495.7600124158982
2010-07-19,22086,110.85,178.88120371229797,0.0,876.443857013853
2010-07-19,22423,2187.6,3878.4434121514655,2326.381709734047,5458.325878454456
2010-07-19,47566,23.25,1270.4854546549413,521.0590102189464,2048.7799025292
2010-07-19,84879,983.6,930.8587743291807,0.0,1986.1697116711828
2010-07-19,85099B,1349.55,1485.4099511563966,534.7001201824025,2458.1554472063985
2010-07-19,85123A,3458.85,2963.945885757769,1517.7770026769297,4343.030789320757
2010-07-19,M,52.9,590.9772391050673,0.0,3401.0370650034374
2010-07-19,POST,477.0,813.651994808191,0.0,1806.9522618302758
2010-07-26,22086,29.5,344.29328254164847,0.0,1056.0695245895806
2010-07-26,22423,4503.45,4813.981152724167,3267.8586293982253,6454.697307985545
2010-07-26,47566,4.65,1090.6103801347626,363.4233022927265,1851.356192175721
2010-07-26,84879,1605.9699999999998,1371.0044849321416,360.02158441230733,2408.9959352570518
2010-07-26,85099B,2004.75,1569.7165141020394,647.9327510131258,2554.2748526885484
2010-07-26,85123A,2701.3,2611.65543466649,1088.6587708483064,4091.3411533431845
2010-07-26,M,112.84,836.0514170886934,0.0,3688.920349826725
2010-07-26,POST,754.5,953.0630601059,50.70218955798419,1862.0201378948022
2010-08-02,22086,558.45,379.0446288711167,0.0,1091.9424307633935
2010-08-02,22423,7313.25,4650.615763372008,3178.1218468421953,6067.471892479802
2010-08-02,47566,4.65,815.4724414077609,59.75595960215033,1573.2647647312124
2010-08-02,84879,781.25,1846.1032772623525,869.5791597283959,2922.7586816630646
2010-08-02,85099B,1230.45,1542.1908078525419,656.3494565973516,2556.860534064986
2010-08-02,85123A,1644.9,2201.5669705660125,889.0829548192455,3568.7257288153814
2010-08-02,M,3905.65,1428.754425252602,0.0,4220.893061686012
2010-08-02,POST,351.0,783.6499483512705,0.0,1745.007503025436
2010-08-09,22086,134.45,276.61642783385156,0.0,999.4935261205896
2010-08-09,22423,1973.6999999999998,3766.3193594088307,2326.6964202195873,5329.660181264682
2010-08-09,47566,4.65,658.2279864064982,0.0,1369.5052343201708
2010-08-09,84879,1081.6,2060.1377423961812,1037.7391429241893,3117.941775754877
2010-08-09,85099B,1128.45,1455.2600972827622,494.2208043827942,2415.400281213678
2010-08-09,85123A,1382.45,2307.514258838389,967.3830546020021,3904.105156284852
2010-08-09,M,815.9,1928.0835649716964,0.0,4817.210742687845
2010-08-09,POST,974.88,526.3969748815027,0.0,1470.0873353633924
2010-08-16,22086,184.6,187.54231684980536,0.0,897.6619627353286
2010-08-16,22423,2080.65,2933.548955349016,1486.5309784242095,4403.363444830012
2010-08-16,47566,4.65,719.3777803498493,0.0,1483.7860312350022
2010-08-16,84879,1131.18,1898.7362482296348,910.092632430756,2903.1086126496207
2010-08-16,85099B,1626.3,1474.8984492175907,444.1280854566522,2377.7412833707945
2010-08-16,85123A,3984.3,2815.318968791776,1462.2015765712679,4235.440827278333
2010-08-16,M,1147.95,1643.3496376688984,0.0,4361.967206269195
2010-08-16,POST,644.0,492.1531268841984,0.0,1420.8533147027547
2010-08-23,22086,91.45000000000002,206.60040526214414,0.0,824.6770947880491
2010-08-23,22423,2551.35,2595.6353598457194,1138.7410943607008,4059.81600435936
2010-08-23,84879,1004.8,1501.526701690031,503.9066908185764,2460.168439040984
2010-08-23,85099B,9.75,1629.1125378049178,704.0240397717182,2553.7601431615117
2010-08-23,85123A,3569.45,3096.5878833553115,1622.844173711285,4384.730730998817
2010-08-23,M,19.87,633.6791116174857,0.0,3276.7137935686815
2010-08-23,POST,486.0,705.9915331888137,0.0,1620.1155007171772
2010-08-30,22086,35.400000000000006,291.7710216123429,0.0,988.1285734185942
2010-08-30,22423,2383.35,2783.421016681487,1222.1973522165167,4294.34308322177
2010-08-30,84879,1430.08,1130.1171948966883,119.58727678921804,2144.4221459589903
2010-08-30,85099B,1.95,1759.3522813297398,723.6388911798934,2716.8600804615153
2010-08-30,85123A,2493.15,2826.2497561169894,1390.18833384796,4335.962962598863
2010-08-30,M,57.77,0.0,0.0,2680.1723861767373
2010-08-30,POST,397.0,910.5323658592098,0.0,1879.2214535367011
2010-09-06,22423,5896.799999999999,3405.4758204239347,1911.334402260882,4945.809189469787
2010-09-06,84879,1579.3999999999999,995.116513998788,0.0,1916.546681358308
2010-09-06,85099B,3836.25,1758.0068972925885,842.1163840799073,2711.220784127269
2010-09-06,85123A,2798.65,2381.953072659036,977.4767236456664,3764.9189345394484
2010-09-06,M,3209.86,665.1399967849594,0.0,3470.9738781589967
2010-09-06,POST,1273.0,909.8073208863959,0.0,1792.9361486422695
2010-09-13,22086,53.10000000000001,602.508118676842,0.0,1312.5114532064135
2010-09-13,22423,2504.7,4303.047745639303,2860.464506406863,5818.772943526512
2010-09-13,47566,4.65,546.5288147948609,0.0,1305.2735985456927
2010-09-13,84879,613.9399999999999,1157.3143655190745,133.38385904932954,2204.635962492805
2010-09-13,85099B,1855.8,1767.0069003022697,765.8712703805601,2706.809855090287
2010-09-13,85123A,2979.55,2318.706532122937,996.7810312740996,3782.48294456989
2010-09-13,M,110.3,2521.606353613658,0.0,5463.758570056116
2010-09-13,POST,798.0,800.6009019567477,0.0,1751.8382817862127
2010-09-20,22086,710.6,1015.3493625259622,365.8629143288134,1698.8014641828677
2010-09-20,22423,4307.7,5096.702153232104,3634.106077129913,6607.008424560353
2010-09-20,84879,1151.98,1512.3761993689072,472.3405831847623,2551.3500019785706
2010-09-20,85099B,2089.05,2029.362149662451,1128.0772042065173,3001.949007422466
2010-09-20,85123A,1784.25,2626.676471816026,1203.188590533923,3979.936973882259
2010-09-20,M,332.85,4183.83137955428,1499.232135574924,7007.573404911404
2010-09-20,POST,1460.0,818.2902606600894,0.0,1820.7901488548493
2010-09-27,22086,1168.3000000000002,1567.6894964353037,842.6374963184101,2242.4675031279503
2010-09-27,22423,8549.55,5337.754298643327,3856.551517361985,6835.273908615592
2010-09-27,47566,1842.6,792.9208485309916,64.76712914176052,1531.0107250247536
2010-09-27,84879,2679.01,1844.2761393347505,923.4330247456846,2861.0321272659858
2010-09-27,85099B,2356.05,2534.756054114274,1605.4845768145397,3427.373817848299
2010-09-27,85123A,2890.35,2765.8112088842327,1381.6432406025256,4276.309818085567
2010-09-27,M,16150.489999999998,4567.16989765985,1659.7865318375823,7392.795288869905
2010-09-27,POST,527.0,1028.0523710509115,95.29333884975699,1922.3456633862895
2010-10-04,22086,1614.2,2001.6487462363284,1317.821204856137,2664.1976419345206
2010-10-04,22423,3447.75,4998.523090616072,3531.890041796234,6534.636402542387
2010-10-04,47566,2353.65,984.2898756770899,253.80460063272713,1718.1770174146613
2010-10-04,84879,1283.65,1957.1964457543522,990.9412821381811,3002.2747790673325
2010-10-04,85099B,2715.9,2912.8332614499654,1983.9096287853179,3819.9383851685734
2010-10-04,85123A,2200.45,2439.950489811207,979.9620566468338,3837.255726242937
2010-10-04,M,721.38,3942.15737046391,1126.917386402244,6903.0424682084395
2010-10-04,POST,1193.0,1262.0537880608517,276.5770932411173,2199.2752024805054
2010-10-11,22086,3582.8999999999996,2100.7078754310537,1425.1808104778875,2738.519929592933
2010-10-11,22423,5126.549999999999,4622.259574209622,3228.093108862032,6097.348921341525
2010-10-11,47566,914.7,911.8240039671111,193.6739802995053,1662.597662846589
2010-10-11,84879,1355.05,1843.7363393175526,847.7802365961119,2873.9808559182543
2010-10-11,85099B,2237.7,2774.740219723519,1807.4717634908493,3675.8939282613264
2010-10-11,85123A,2883.7,2069.4067120193695,618.8766167446424,3600.1470220681053
2010-10-11,M,3279.43,3465.981757991811,673.4816330919157,6212.18517387285
2010-10-11,POST,1583.0,1353.1939879814506,403.43246525488905,2332.7950916638906
2010-10-18,22086,1339.4,1932.6774750384009,1236.3377483436755,2593.918153162655
2010-10-18,22423,3762.6,4722.199277662506,3195.1617200966766,6140.891194670322
2010-10-18,47566,1530.0,597.6207214675932,0.0,1319.7563663768424
2010-10-18,84879,3180.21,1744.859095024208,806.4996871053304,2752.8062472525157
2010-10-18,85099B,2614.35,2159.2756382495145,1212.6207994653475,3087.986465811626
2010-10-18,85123A,2485.65,2290.8216495578604,851.4134752324662,3629.2966590571177
2010-10-18,M,6052.34,3757.920569736905,846.3762365754634,6302.103813348319
2010-10-18,POST,1752.0,1336.9164566827512,402.9840784718672,2297.5667865965484
2010-10-25,22086,963.8500000000001,1812.8099919294718,1126.6936222468362,2479.5100196033914
2010-10-25,22423,4200.0,5092.130036715067,3510.954311054777,6585.474849939798
2010-10-25,47566,465.0,302.21979666067693,0.0,1084.0037948209729
2010-10-25,84879,2746.56,1982.103872080811,961.3038701358172,3035.7573209604084
2010-10-25,85099B,1076.1,1567.715933237672,554.5156835448337,2501.696578224308
2010-10-25,85123A,3086.65,3100.491289317868,1649.5663648376467,4578.535374023158
2010-10-25,M,845.0500000000001,4214.773686580035,1259.1182933475575,7151.135758008303
2010-10-25,POST,1034.0,1373.1240561215905,437.11613430901633,2317.9526103129283
2010-11-01,22086,1202.8500000000001,2017.8084172017475,1327.3869504362085,2764.623349446065
2010-11-01,22423,6704.549999999999,5047.669111096442,3583.352772747521,6518.26916966207
2010-11-01,47566,620.4,265.8561401411649,0.0,999.1413656328206
2010-11-01,84879,1514.71,2655.623371907984,1637.7625736186405,3672.7295087454263
2010-11-01,85099B,882.3,1507.1618335760854,576.7913621498199,2435.4812029472882
2010-11-01,85123A,2889.65,3796.344646193607,2459.0823329517316,5211.086721756064
2010-11-01,M,4009.08,3809.220534885045,1137.4684410019747,6591.486134546968
2010-11-01,POST,1689.0,1531.7381308965043,606.7487436261632,2464.6450213859985
2010-11-08,22086,4126.349999999999,2555.7140541621425,1847.0160488852955,3213.4908602593127
2010-11-08,22423,2526.6,4496.472688107103,3006.891860766241,5971.01192921544
2010-11-08,47566,279.0,479.8114332593914,0.0,1239.8612192938365
2010-11-08,84879,1653.76,3489.8508064308835,2464.606666398156,4527.790167775624
2010-11-08,85099B,1350.9,2011.175623178928,1144.016535286219,2939.691608053874
2010-11-08,85123A,3655.55,3871.3355110410907,2443.1084168011503,5337.934968790178
2010-11-08,M,90.82000000000001,2343.3423202371882,0.0,5077.724895747879
2010-11-08,POST,1388.95,1741.0374215987551,727.811490659816,2644.738043638673
2010-11-15,22086,2629.1,3195.7465436897596,2502.3858740581827,3868.153899880404
2010-11-15,22423,6186.299999999999,4447.493268303592,2987.840580064908,5993.991523896584
2010-11-15,47566,395.25,714.7907902072089,0.0,1536.2442305104357
2010-11-15,84879,8459.24,4013.133138806241,3023.600025667836,5100.1479413223815
2010-11-15,85099B,3878.25,2631.6021129795763,1708.794283642726,3650.3987950260944
2010-11-15,85123A,3988.77,3711.6622351769734,2292.771766153775,5130.8161640781
2010-11-15,M,2.98,684.0840279853799,0.0,3492.2395039320204
2010-11-15,POST,1450.95,1929.4003144056674,944.8135015491953,2798.0853058350926
2010-11-22,22086,2769.05,3651.546210576966,2950.652500330686,4342.862926894725
2010-11-22,22423,5844.9,5980.778923072163,4366.905458676908,7460.860189550165
2010-11-22,47566,1187.1,753.5293620877119,4.255379101507432,1563.3946019619227
2010-11-22,84879,2467.92,3927.1291662694075,2926.3261253486794,4906.970412986045
2010-11-22,85099B,1856.55,2877.6596163907416,1971.2858939439805,3850.252894416997
2010-11-22,85123A,2719.65,4118.366470575749,2728.9844654696267,5522.7026164549325
2010-11-22,M,367.90999999999997,0.0,0.0,2630.1705634813234
2010-11-22,POST,3357.0,2107.423354003889,1182.3807597997973,3006.908307153234
2010-11-29,22086,3486.2000000000003,3695.590263355859,2986.1812140469237,4394.143374613778
2010-11-29,22423,6466.65,8631.742954496836,7098.463154491235,10148.438377237277
2010-11-29,47566,227.85,578.3730300053069,0.0,1354.436381849232
2010-11-29,84879,1467.39,3313.3341628204575,2265.499664758684,4307.374455118738
2010-11-29,85099B,2180.85,2622.7469303799653,1649.3219896286575,3561.0652049941395
2010-11-29,85123A,5761.76,5145.331388675349,3871.5276944033008,6594.241955406972
2010-11-29,M,383.07,0.0,0.0,2733.362144288712
2010-11-29,POST,1446.0,2252.927770795481,1326.3034451181893,3148.7265780648354
2010-12-06,22086,4018.2000000000003,3179.738158204657,2536.6290499114575,3877.170216798899
2010-12-06,22423,12170.4,10239.984932076888,8666.526743779823,11760.515666678799
2010-12-06,47566,251.10000000000002,345.2153225687955,0.0,1154.492285987444
2010-12-06,84879,3422.44,2492.9583023385535,1460.4570963903213,3509.678506520246
2010-12-06,85099B,4227.0,2101.8080402405644,1112.5736779666083,3103.4382049471747
2010-12-06,85123A,6472.9,5747.925746011621,4475.543822391245,7173.898024166391
2010-12-06,M,286.49,229.4090268791543,0.0,3044.2157350533153
2010-12-06,POST,2216.0,2202.330118070375,1246.9026686970226,3168.618112521065
2010-12-13,22086,2999.1000000000004,2106.706770956982,1453.4077259745975,2795.91365253078
2010-12-13,22423,9809.25,8895.625647776113,7471.2897972861265,10350.920339180828
2010-12-13,47566,977.85,210.7443385588202,0.0,960.6394271516865
2010-12-13,84879,1908.95,1725.149257646406,674.7530006098564,2657.901691331914
2010-12-13,85099B,2114.85,1604.6714071036113,574.3379086563027,2550.87973617863
2010-12-13,85123A,4880.65,4854.120881053391,3485.402458087332,6229.504269065262
2010-12-13,M,111.17000000000002,350.51690794210697,0.0,3260.3120969781294
2010-12-13,POST,2730.0,1795.6379165708047,910.0646008899505,2688.632185691557
2010-12-20,22086,807.1,769.0683107749696,44.760047009621964,1447.841165745078
2010-12-20,22423,4893.75,5076.677398815375,3479.914738027535,6648.718130305271
2010-12-20,47566,139.5,205.47448773027313,0.0,983.7822917756944
2010-12-20,84879,849.16,1074.2568931784072,138.0154655753064,2083.9840280578633
2010-12-20,85099B,789.0,1249.1395090913973,339.40690905614787,2200.930269210408
2010-12-20,85123A,3290.6,2721.080545034086,1238.1596144571683,4228.831542416631
2010-12-20,M,49.07,237.8495097398349,0.0,2854.6037196799334
2010-12-20,POST,1458.0,1153.7725679439832,191.00933584522937,2087.6430573039374
2010-12-27,22086,47.2,0.0,0.0,412.43494394583445
2010-12-27,22423,76.5,1491.9624412583698,0.0,3089.019685692783
2010-12-27,47566,18.6,255.91541423897203,0.0,1000.6717296048838
2010-12-27,84879,67.6,537.3526856223234,0.0,1460.574430854376
2010-12-27,85099B,204.0,1021.3811105022409,133.71950195324257,1991.5723152507676
2010-12-27,85123A,302.85,948.9549755839324,0.0,2377.5035698844204
2010-12-27,M,3.6,199.1575673590671,0.0,3111.0304535835917
2010-12-27,POST,339.0,691.8546046415848,0.0,1599.8098490757466
2011-01-10,22423,3294.2999999999997,1929.811901952185,252.2373846637889,3376.9792275498385
2011-01-10,47566,607.8,314.53537477935885,0.0,1064.386566205131
2011-01-10,84879,946.4,185.109173095262,0.0,1182.524541810778
2011-01-10,85099B,2414.85,964.5216796918221,0.0,1869.1010554186046
2011-01-10,85123A,2610.8,2420.324087790516,1059.645324918547,3911.457640127498
2011-01-10,M,38.449999999999996,525.0937811002335,0.0,3228.6153447807665
2011-01-10,POST,1280.0,1167.2566994137658,210.09019680041692,2111.3500064701657
2011-01-17,22423,3889.7999999999997,3369.2077580593814,1902.0719226073695,4813.248448256059
2011-01-17,47566,316.2,373.28334755603487,0.0,1139.2478761470875
2011-01-17,84879,561.55,449.10155475346596,0.0,1509.4670665605136
2011-01-17,85099B,290.55,1116.3061668668288,162.55613559376727,2091.830704069162
2011-01-17,85123A,9677.4,3811.0037415438196,2477.3288214401637,5269.198278758143
2011-01-17,M,15.25,668.0635471840648,0.0,3580.156165191313
2011-01-17,POST,1432.0,1499.3383243066853,515.83602296722,2442.1346098713534
2011-01-24,22423,1596.1499999999999,3152.8934597175544,1631.682140003756,4625.44280498256
2011-01-24,23166,77183.6,77183.48082133805,77152.35449378763,77212.75249055958
2011-01-24,47566,246.45,500.3101263925136,0.0,1300.733771582955
2011-01-24,84879,478.74,733.3236810830715,0.0,1799.8506948668648
2011-01-24,85099B,995.4,1244.2126205352538,260.5232390366464,2166.2667216324685
2011-01-24,85123A,1181.3,3769.71672321298,2314.499216108834,5232.731755156804
2011-01-24,M,33.75,863.9781446495771,0.0,3612.640266711243
2011-01-24,POST,1226.0,1428.445357690474,432.069622365639,2363.289453490545
2011-01-31,22423,1985.25,1854.6282301697627,269.2980680322659,3400.3213391211834
2011-01-31,47566,649.35,669.1181716826597,0.0,1365.4480824291354
2011-01-31,84879,758.06,777.0836480530692,0.0,1833.181821372088
2011-01-31,85099B,841.95,1253.988781062424,313.57841105911893,2185.560104229008
2011-01-31,85123A,1510.25,2477.3157902142616,1019.1780410686783,3770.8946777657547
2011-01-31,M,6.95,1121.6008643209768,0.0,3978.622472753973
2011-01-31,POST,1171.0,1128.6306058092864,172.19543719563842,2015.42272158326
2011-02-07,22423,1704.75,1250.5743938886267,0.0,2761.1975702406585
2011-02-07,47566,932.75,808.295328208399,95.25296801154884,1526.6449065387073
2011-02-07,84879,901.71,582.2404845192908,0.0,1600.4124136021144
2011-02-07,85099B,1641.0,1188.9961911167488,190.05562308325267,2136.603452865332
2011-02-07,85123A,1650.65,1205.0606137940083,0.0,2766.703682694585
2011-02-07,M,30.0,1166.3394260306843,0.0,3790.884730734398
2011-02-07,POST,985.0,977.0179144945045,0.0,1884.4348121661774
2011-02-14,22423,2209.35,2068.83482300156,356.5562498003698,3678.881747105104
2011-02-14,47566,1075.2,856.9631348861318,71.01168421843705,1652.7213550819902
2011-02-14,84879,563.24,408.50205174049177,0.0,1362.4383848227167
2011-02-14,85099B,1129.2,1164.9639251209471,139.3829915806332,2126.2743358136167
2011-02-14,85123A,1339.1499999999999,887.6670811708514,0.0,2314.365749600409
2011-02-14,M,7.750000000000001,739.2920486334635,0.0,3697.3738262812676
2011-02-14,POST,666.0,1043.344734281849,130.43866919002383,1993.9683180479644
2011-02-21,22423,4128.75,3247.783920459299,1681.2195547733752,4818.321996009203
2011-02-21,47566,746.6500000000001,824.449634060225,52.717658439137494,1576.1129570008113
2011-02-21,84879,662.48,484.1889659722185,0.0,1621.2588996054662
2011-02-21,85099B,1104.45,1219.98611849275,245.08993767995688,2184.746592914128
2011-02-21,85123A,858.5,1322.1391206602902,0.0,2633.776830015314
2011-02-21,M,343.68,0.0,0.0,2675.8608868596893
2011-02-21,POST,868.0,1025.944470758473,100.91152166579805,1999.4126392564287
2011-02-28,22086,5.9,0.0,0.0,420.14234267738084
2011-02-28,22423,1516.8,3394.5997914490217,1826.7374644639935,4844.42339908119
2011-02-28,47566,722.3000000000001,804.3708792561821,76.13609566156623,1578.846032843154
2011-02-28,84879,493.48,756.5834035432769,0.0,1764.890071162267
2011-02-28,85099B,1316.4,1285.2216234567863,319.455325958676,2246.080310320956
2011-02-28,85123A,1064.3500000000001,1704.2742330152157,241.79053165380574,3210.2235716346268
2011-02-28,M,43.9,0.0,0.0,2365.4231546160154
2011-02-28,POST,647.0,739.6392298860967,0.0,1688.609129918526
2011-03-07,22086,113.8,160.8242973973635,0.0,827.3916959759009
2011-03-07,22423,3908.25,2494.0954472184276,928.4463461637285,3957.527909117489
2011-03-07,47566,697.5500000000001,910.3681317828887,198.8482865860395,1663.100751573062
2011-03-07,84879,598.73,966.0234927782163,0.0,1929.753851490286
2011-03-07,85099B,1695.15,1312.5610217264125,355.32983670991166,2251.5261740495716
2011-03-07,85123A,910.5,1648.6263149309327,118.73530827337882,3194.3693487191404
2011-03-07,M,1439.85,0.0,0.0,2797.1574227408128
2011-03-07,POST,631.0,492.67343518370205,0.0,1405.3141509725415
2011-03-14,22086,2.95,93.82698470730531,0.0,793.9749172483338
2011-03-14,22423,1975.35,1802.3462538597983,325.4149753171336,3312.10341865905
2011-03-14,47566,964.2500000000001,1167.0697977615073,393.72270945130003,1942.3243156945935
2011-03-14,84879,1116.34,947.7052023672202,0.0,1897.8552358518077
2011-03-14,85099B,783.15,1364.612436478556,375.0045338880662,2210.75558048842
2011-03-14,85123A,1205.9,1469.9716326950415,17.462535116358396,2881.469573126622
2011-03-14,M,3429.82,1239.9451905344697,0.0,4050.5266899381118
2011-03-14,POST,503.0,762.5317545211917,0.0,1732.7574992085324
2011-03-21,22423,3180.2,2214.4632474297837,655.5930371566128,3783.4041559064713
2011-03-21,47566,2301.25,1459.3655243097853,709.5165316400152,2231.515399480686
2011-03-21,84879,1305.62,802.284294471595,0.0,1789.6368751234174
2011-03-21,85099B,2563.05,1514.0387639868045,545.6825465903117,2456.805292757551
2011-03-21,85123A,1282.1,1579.2132280485268,115.73820807992898,3014.9843395989674
2011-03-21,M,24.64,2365.532309485883,0.0,5087.505504099453
2011-03-21,POST,1019.0,1496.8881217683327,564.958514437472,2501.766674466287
2011-03-28,22086,102.0,0.0,0.0,599.8767708135397
2011-03-28,22423,3132.2999999999997,3212.3207972808113,1685.8109870533096,4762.203184961347
2011-03-28,47566,1276.3000000000002,1619.8561648852074,870.8535845889496,2338.470448875952
2011-03-28,84879,589.81,746.3595070291576,0.0,1740.4768741596283
2011-03-28,85099B,2303.25,1679.0800996630285,756.5759914161633,2617.144844660416
2011-03-28,85123A,1000.0000000000001,1908.4779150347943,483.9362447185457,3306.5115772862005
2011-03-28,M,15.95,2537.3900971042694,0.0,5345.918683667228
2011-03-28,POST,2502.0,1974.5280811843963,922.9168759044653,2932.900732574381
2011-04-04,22086,8.850000000000001,124.72644950193371,0.0,845.1551352746326
2011-04-04,22423,3805.95,3623.1234479337454,2024.9396379902214,5114.087946857022
2011-04-04,47566,1206.6000000000001,1599.2432042750704,853.2754036882659,2370.638757268524
2011-04-04,84879,820.12,843.2709485790069,0.0,1773.0943867464305
2011-04-04,85099B,1765.6,1654.6528754065016,625.3733308453807,2521.522910299339
2011-04-04,85123A,1608.3,2067.7187812733373,624.546094400446,3428.616724122767
2011-04-04,M,6133.09,1622.8188875830915,0.0,4624.134370221503
2011-04-04,POST,1406.0,1575.613477991233,669.2398343461674,2485.5789171901097
2011-04-11,22086,23.6,203.0910063209041,0.0,871.9501844987441
2011-04-11,22423,2901.1499999999996,3110.5769327011135,1471.3530114229172,4770.851595229797
2011-04-11,47566,2096.4,1547.8825061863777,763.0953388477344,2279.032457321491
2011-04-11,84879,1043.67,946.6136964949885,0.0,1901.2106563963048
2011-04-11,85099B,1000.26,1363.623617683636,407.1569603752529,2255.357708537503
2011-04-11,85123A,1009.85,1909.5054433015496,591.5952192951773,3339.2343644173434
2011-04-11,M,3007.3599999999997,426.73959673613837,0.0,3301.1140940892346
2011-04-11,POST,593.95,643.6583850542515,0.0,1615.7581958280014
2011-04-18,22423,3645.15,2499.3790544693024,923.2702949552022,3967.950739627073
2011-04-18,47566,1978.4,1695.0741043103542,958.6385821667656,2446.748112291021
2011-04-18,84879,1368.8999999999999,911.1200190686907,0.0,1939.995557596697
2011-04-18,85099B,1313.8600000000001,1028.3439064544002,29.386071006915085,1919.4105803333464
2011-04-18,85123A,6191.400000000001,1709.4616685701335,331.4496419758383,3125.2189136078036
2011-04-18,M,549.53,0.0,0.0,2849.823862910833
2011-04-18,POST,769.0,313.62851709929765,0.0,1245.661630170061
2011-04-25,22423,1580.55,2611.8056339808745,1055.7755509459694,4104.093071504569
2011-04-25,47566,2095.25,2121.6372307551123,1327.303930244855,2877.4935167092
2011-04-25,84879,624.0799999999999,791.3596743860185,0.0,1779.427965269463
2011-04-25,85099B,689.28,995.4083354675279,118.22217797129015,1952.3110332802703
2011-04-25,85123A,728.6,1769.375637016589,323.6033024877114,3210.438539004226
2011-04-25,M,4.95,64.24573536389485,0.0,2938.8787631995074
2011-04-25,POST,740.0,1317.9976097668903,341.5080236634444,2255.1275389235425
2011-05-02,22423,3453.75,3176.1937108866414,1707.450417162662,4706.006489324115
2011-05-02,47566,885.6500000000001,2658.039543746901,1923.768358224766,3415.7437611864193
2011-05-02,84879,419.12,772.3463264822153,0.0,1807.5556417988973
2011-05-02,85099B,722.66,1355.3518736958206,354.2469987746648,2339.05664319243
2011-05-02,85123A,942.9,2025.2818561992076,559.8804278915495,3532.2042641312246
2011-05-02,M,416.22,489.26712601735073,0.0,3545.085937773473
2011-05-02,POST,715.0,3053.6043395067604,2057.9692999156555,3928.9975754863026
2011-05-09,22423,2181.75,3200.9773964435476,1568.0238544974445,4644.130812486813
2011-05-09,47566,4273.3,3027.1778542758852,2292.187001935269,3756.14264398255
2011-05-09,84879,1057.94,920.4737162107012,0.0,1930.172480240917
2011-05-09,85099B,834.86,1794.2579478954829,864.7326617068402,2728.421230272661
2011-05-09,85123A,3548.2999999999997,2175.2794855086563,678.9014219553104,3615.3896750779963
2011-05-09,M,33.25,537.6161924520866,0.0,3366.4761540234267
2011-05-09,POST,9163.75,4056.7457114140125,3085.5085900859926,5001.328163827312
2011-05-16,22086,35.400000000000006,160.64161503050565,0.0,775.1669624966459
2011-05-16,22423,4286.1,2302.284919862414,833.0176545751806,3727.381245947924
2011-05-16,23166,304.68,304.6887178640345,275.96154857758887,336.0550126265362
2011-05-16,47566,2859.8,3089.5015547589987,2321.0075191956794,3836.955036223399
2011-05-16,84879,1941.53,1072.496970524014,11.58757678044066,2023.7316994518474
2011-05-16,85099B,2240.36,1892.6816831155497,924.8800129743031,2898.2358368216874
2011-05-16,85123A,2220.6,2101.8514121647963,727.4189436305179,3499.187224558489
2011-05-16,M,931.0799999999999,217.70144571966975,0.0,2933.205334254576
2011-05-16,POST,1378.0,3435.794950069529,2431.905856360604,4376.59975403727
2011-05-23,22423,2805.4,1278.690988480829,0.0,2762.300402757683
2011-05-23,23166,434.44000000000005,434.32112287850816,403.47181904352755,462.6089850154755
2011-05-23,47566,3269.15,2933.3670584252313,2175.7981160005247,3654.0107020418
2011-05-23,84879,1079.9099999999999,1017.4376730891339,29.050977168846682,1999.2564274819536
2011-05-23,85099B,2245.7,1569.5400962649792,562.3825328106551,2531.2315250509196
2011-05-23,85123A,1657.75,1991.009738189303,537.6673302598189,3378.8592793310413
2011-05-23,M,3334.6800000000003,0.0,0.0,2639.4759405244686
2011-05-23,POST,1448.0,1854.2653403977463,901.3693741877197,2760.4541521318697
2011-05-30,22423,1688.6999999999998,1199.6600818677314,0.0,2653.59418045057
2011-05-30,23166,129.92000000000002,130.0781788537602,99.76428131933572,159.2226681925553
2011-05-30,47566,2224.7000000000003,2729.990072573687,1983.6090532972432,3519.4856826836553
2011-05-30,84879,720.41,749.5634794460626,0.0,1780.7652202690144
2011-05-30,85099B,1008.44,1172.3417814515199,231.84401706809092,2117.67588780128
2011-05-30,85123A,2802.77,2005.245337114527,599.5935744475094,3348.855739257824
2011-05-30,M,0.6,87.33521644057,0.0,2882.809728424735
2011-05-30,POST,770.0,719.1531340623168,0.0,1679.0688261552284
2011-06-06,22423,3108.1499999999996,2129.0171285668343,584.9775185856791,3597.0582251359233
2011-06-06,23166,97.5,95.59509201878326,66.27487349187456,124.16557104260062
2011-06-06,47566,1849.7,2541.7215068562823,1744.7989861637707,3311.6125432001522
2011-06-06,84879,730.0799999999999,490.0265757533311,0.0,1494.3470754531359
2011-06-06,85099B,717.0,1102.6926263173673,140.91604750515444,2004.7251096107068
2011-06-06,85123A,1949.75,2009.6317715283176,647.8757095852068,3443.855037841097
2011-06-06,M,11.93,346.88281041631626,0.0,3447.9859695760615
2011-06-06,POST,1431.0,762.7913000567479,0.0,1713.837202611535
2011-06-13,22423,2096.7,3031.69779969504,1556.2598659364835,4600.666677841729
2011-06-13,23166,166.17000000000002,164.6110383108795,133.89216517438766,196.3507200725861
2011-06-13,47566,2247.2000000000003,2312.945234997981,1560.2182357059742,3073.026478597747
2011-06-13,84879,412.35999999999996,448.0602181673829,0.0,1412.0639453815613
2011-06-13,85099B,1432.66,1396.5720714015931,387.64250549861873,2390.1479075801717
2011-06-13,85123A,800.35,1762.2109591401077,322.1225951431026,3142.6831008287095
2011-06-13,M,151.04,415.6135459520695,0.0,3334.6830008793063
2011-06-13,POST,1619.02,1446.3443574307355,491.20943556547104,2361.5719380738055
2011-06-20,22423,1615.6,2952.634056345386,1428.736129510217,4526.049430231347
2011-06-20,23166,136.09,137.08532659507128,108.2647807655781,168.67434413956235
2011-06-20,47566,3139.65,2031.8441455327336,1272.7378691291067,2777.4330133923954
2011-06-20,84879,715.34,594.5163677467903,0.0,1556.5028952131745
2011-06-20,85099B,2291.28,1723.8755697088982,675.2117942742265,2692.0840026432534
2011-06-20,85123A,1006.8,1316.9906150408558,0.0,2658.2170870016275
2011-06-20,M,0.39,250.679358325013,0.0,3149.2446596819345
2011-06-20,POST,1242.0,1756.1183939238524,863.2635639191873,2763.650163937586
2011-06-27,22086,17.700000000000003,424.3212967033304,0.0,1141.09067378333
2011-06-27,22423,1593.3,2058.1920266447237,662.2193464231244,3621.243548749527
2011-06-27,23166,55.0,54.596742146224024,22.262560046607334,82.80959492763465
2011-06-27,47566,1127.8000000000002,1825.7132794420916,1085.005361581709,2628.6474632199834
2011-06-27,84879,517.14,721.6618764898818,0.0,1686.2964767561969
2011-06-27,85099B,1321.4,1778.7248312231457,844.5405092265261,2729.648121357191
2011-06-27,85123A,712.85,1057.5419273531663,0.0,2322.778182610402
2011-06-27,M,1.25,96.58655665094888,0.0,2902.484659803308
2011-06-27,POST,1514.0,1368.2558659557817,447.41907210880044,2240.4954485144062
2011-07-04,22086,936.95,236.6956833314728,0.0,939.2218407587487
2011-07-04,22423,987.9,1373.8447115018287,0.0,2836.583618318584
2011-07-04,23166,7.5,8.512393787205607,0.0,40.75763719563335
2011-07-04,47566,1113.3500000000001,1833.1598955146994,1041.6717186124386,2553.1188274468723
2011-07-04,84879,392.08,697.4835103089551,0.0,1712.654006501241
2011-07-04,85099B,1103.2,1592.5417144031483,695.3953410218074,2611.5204184520303
2011-07-04,85123A,553.6,1255.6762271640234,0.0,2714.1883650241316
2011-07-04,M,1048.38,116.58085260417106,0.0,3074.6781357935856
2011-07-04,POST,267.0,858.3613871795708,0.0,1850.1473725448363
2011-07-11,22086,53.10000000000001,84.85093952839615,0.0,751.389430170611
2011-07-11,22423,1115.4,1620.6025032610737,167.55002822573073,3212.0103397988887
2011-07-11,23166,82.42,82.05409342641245,50.31428423352202,112.88007157773299
2011-07-11,47566,3678.0000000000005,1996.333456804462,1277.4735689868153,2771.022776360126
2011-07-11,84879,910.91,627.0510967053323,0.0,1680.0250667429707
2011-07-11,85099B,2386.72,1430.7084026908171,477.6110359598747,2372.931973344714
2011-07-11,85123A,854.4,1705.8231771354895,119.6549323058645,3051.7871657725655
2011-07-11,M,31.92,216.13873148261038,0.0,2911.1066365777638
2011-07-11,POST,986.0,869.3116619752396,0.0,1866.9475929304226
2011-07-18,22086,91.45000000000002,143.06365491279638,0.0,810.8081621068493
2011-07-18,22423,3214.5,2510.670096958334,1022.7681067219048,3995.4509639320204
2011-07-18,23166,99.92,98.66583030558209,69.74040569688013,131.0032327921907
2011-07-18,47566,1296.1000000000001,2056.582854589335,1292.9711374341819,2829.3108527971726
2011-07-18,84879,535.73,718.7795508948326,0.0,1678.3363413077834
2011-07-18,85099B,858.46,1447.8328132872196,456.4281776144578,2414.8310736368826
2011-07-18,85123A,3285.62,1931.9536839346708,592.1904505410453,3370.299870219957
2011-07-18,M,577.95,273.6185241757603,0.0,3109.720830524623
2011-07-18,POST,1785.94,1328.4761003565557,429.67364755858875,2271.568750915358
2011-07-25,22086,26.550000000000004,309.5505181675857,0.0,1011.7256468050203
2011-07-25,22423,3619.5,3181.543139250767,1730.8860734190207,4699.700233266293
2011-07-25,23166,200.93,199.94069633379004,166.7242930115264,229.33909079667183
2011-07-25,47566,3264.6,1813.7112883332159,1016.4569235483339,2562.9477256766104
2011-07-25,84879,914.29,1034.6739613723944,15.76936028919971,2103.17196190697
2011-07-25,85099B,1310.94,1538.6589887207929,615.6146740275577,2518.634654761984
2011-07-25,85123A,1714.95,1740.346918669646,269.8468448312739,3147.5755631080433
2011-07-25,M,456.46000000000004,379.0587091199811,0.0,3297.5962912528794
2011-07-25,POST,1515.9,1619.704333175879,672.9896229810176,2504.0773352505994
2011-08-01,22086,763.7,377.3551755886841,0.0,1102.2132600107311
2011-08-01,22423,3721.1999999999994,3116.061127925294,1616.3028039511653,4747.738703743548
2011-08-01,23166,473.67,473.3979901892334,440.20569093139767,502.8209364157058
2011-08-01,47566,1681.8000000000002,1371.3299838744601,600.8649120261736,2149.605430313961
2011-08-01,84879,699.66,1413.207191740389,386.8259693002009,2495.7230852671178
2011-08-01,85099B,1556.44,1533.9402234583304,504.41333632984947,2420.025253786647
2011-08-01,85123A,2440.15,1433.7348009225552,14.91314414128926,2785.5914694166636
2011-08-01,M,292.86,674.1579985033516,0.0,3495.015619542219
2011-08-01,POST,1023.5,1382.191097231276,465.95222964881697,2351.270161752682
2011-08-08,22086,730.0,295.7442865313238,0.0,1001.2319450886456
2011-08-08,22423,2434.65,2512.6703971401234,1020.5772974043074,4080.9017609167145
2011-08-08,23166,116.25,115.75810789676433,83.62075821298612,144.2120222521503
2011-08-08,47566,1691.3000000000002,1061.7809645276952,381.40909584504914,1799.319289555215
2011-08-08,84879,5520.960000000001,1608.7887154799212,574.9333374304761,2624.950047557186
2011-08-08,85099B,1963.96,1446.5655638442186,426.10437700082036,2435.25410941755
2011-08-08,85123A,1226.1000000000001,1418.5307052480994,0.0,2926.4266820425773
2011-08-08,M,5.52,1008.4646115685232,0.0,3794.8149157465327
2011-08-08,POST,1268.95,915.9282394452841,0.0,1795.9534952495615
2011-08-15,22086,61.95000000000001,196.61960908140358,0.0,845.3514506485657
2011-08-15,22423,1637.6999999999998,1891.6603921169085,414.1060273456344,3338.455685023167
2011-08-15,23166,78.75,77.31967247003809,47.87621904871538,106.41826968090724
2011-08-15,47566,1048.6000000000001,1097.484949339349,345.4175856423212,1896.7368301401862
2011-08-15,84879,1854.83,1507.6221509399006,521.6661927238312,2576.3431611703872
2011-08-15,85099B,1791.72,1438.6372441267024,533.0050235779713,2401.2067584094766
2011-08-15,85123A,1319.45,1702.4113765201446,349.2871037608651,3084.076775689146
2011-08-15,M,2709.9900000000002,984.8707456204885,0.0,3906.1293548754834
2011-08-15,POST,960.0,757.6680987553245,0.0,1724.2214642364954
2011-08-22,22086,112.10000000000001,198.82341502527973,0.0,895.6213259558177
2011-08-22,22423,3243.2999999999997,1575.035673437108,1.9613303949160525,3030.7607775528472
2011-08-22,23166,159.84,160.508150293923,129.72975477499745,188.96585271090075
2011-08-22,47566,1770.9,1331.5657322375241,562.5016965500265,2088.3218748537843
2011-08-22,84879,1102.82,1199.712423223573,145.1608297962241,2197.021239432003
2011-08-22,85099B,2660.7200000000003,1575.1074176853695,662.5353946904227,2498.1632686751173
2011-08-22,85123A,1597.6499999999999,1910.6067987492181,510.31797141896817,3399.5134387944267
2011-08-22,M,21.93,481.11947344975573,0.0,3339.515286468913
2011-08-22,POST,1080.0,1028.0943109028537,45.12711411453901,2050.397478393241
2011-08-29,22086,61.95000000000001,282.5054661522892,0.0,958.0421840078736
2011-08-29,22423,1265.1,1588.2041585684483,35.82077835360534,3105.2203452538793
2011-08-29,23166,82.5,83.19176966053409,53.03326200170895,113.89350349686949
2011-08-29,47566,1567.5500000000002,1414.9880811669373,622.0531805908714,2126.0678565242015
2011-08-29,84879,1011.5600000000001,884.8741957567771,0.0,1798.772041493807
2011-08-29,85099B,2493.6,1720.9277578397025,783.0407991802858,2651.3617985566293
2011-08-29,85123A,958.6500000000001,1779.3730534452893,382.8485513360351,3086.498732114951
2011-08-29,M,2.1,0.7356801247255804,0.0,2901.5781208769936
2011-08-29,POST,1150.0,1353.3917921796367,416.1366900618337,2305.261667107714
2011-09-05,22086,1045.99,391.29254940538834,0.0,1073.5775285074749
2011-09-05,22423,1717.5,1854.925709970414,237.4340287860978,3398.891968126335
2011-09-05,23166,45.0,45.65095975182195,12.565377896848608,79.13315249049668
2011-09-05,47566,1179.9,1191.2232450582728,460.5377662917831,1983.6003804722375
2011-09-05,84879,419.12,732.868558053007,0.0,1772.977912875715
2011-09-05,85099B,1364.84,1739.8993151288382,788.1641342827937,2670.7291454416527
2011-09-05,85123A,1241.05,1481.2532003422207,0.0,2878.0828306878657
2011-09-05,M,1344.59,270.4743035381545,0.0,2935.2903520742275
2011-09-05,POST,1485.0,1381.2197097790106,491.0608204751473,2307.934516313636
2011-09-12,22086,1094.1000000000001,582.8147069522081,0.0,1245.5870981993862
2011-09-12,22423,2055.15,2277.775982878792,746.9783848521389,3770.265494039359
2011-09-12,23166,129.84,128.3257740042454,98.38943589894693,158.86111046319488
2011-09-12,47566,623.3000000000001,882.7740598370349,162.83446657017677,1687.3641826796868
2011-09-12,84879,797.68,801.4537514488466,0.0,1807.6419677522877
2011-09-12,85099B,1071.44,1727.705382164608,756.8611440455271,2627.1825695059206
2011-09-12,85123A,1237.9,1373.690935963218,0.0,2627.399472347428
2011-09-12,POST,1147.0,1195.5873338759593,268.61220469674254,2141.3843596530255
2011-09-19,22086,1480.7800000000002,978.0544787019539,230.88755517640257,1693.4099191880916
2011-09-19,22423,2106.15,2661.2239933021515,1158.5085414332284,4226.973201881078
2011-09-19,23166,63.75,60.80499952804251,31.659764640989756,90.15656197996512
2011-09-19,47566,1290.35,844.6752239114752,142.54627752350342,1614.2337183927457
2011-09-19,84879,1513.96,1024.84780646875,0.0,2029.545420244593
2011-09-19,85099B,2103.7200000000003,1931.34773617937,974.1969101172978,2915.3529581424423
2011-09-19,85123A,1550.5,1520.817940368341,194.00230481547203,2904.6259646205112
2011-09-19,M,2039.79,2719.870914536198,80.17763095297468,5712.676986590795
2011-09-19,POST,1149.0,1146.093853106578,210.05288860560634,2035.0259557700801
2011-09-26,22086,1630.4900000000002,1551.3087188600944,883.2118232866038,2239.8390931440877
2011-09-26,22423,1543.98,2764.203302633619,1299.1846296251906,4257.698054853617
2011-09-26,23166,89.92,87.65424116014904,56.144156819522046,117.7556054050381
2011-09-26,47566,620.65,1151.3146091006738,370.39727966512197,1848.0213936697164
2011-09-26,84879,1332.66,1252.705962645784,317.27180872265217,2330.838120799132
2011-09-26,85099B,2511.67,2405.5559145911443,1459.8285082441303,3344.9805002063567
2011-09-26,85123A,2094.9,1626.0721546435589,158.45474308599916,3051.7645496410896
2011-09-26,M,29.22,3292.829382646235,515.0283886639445,6256.22702260873
2011-09-26,POST,1691.5,1380.4751754263812,436.62658111806365,2322.9676208848387
2011-10-03,22086,1068.47,2054.455138985563,1358.0276595941752,2706.7973592411786
2011-10-03,22423,1675.71,2544.2023154442186,969.1525597790616,4061.5407265876124
2011-10-03,23166,98.75,99.71451946722405,69.21164218703974,129.9834668798101
2011-10-03,47566,1021.97,1482.8482544336612,704.8258428123115,2267.847401048285
2011-10-03,84879,1006.02,1339.0729440325765,299.4270460145549,2278.904049146974
2011-10-03,85099B,1356.46,2835.023883666902,1824.8521272911967,3764.856077888927
2011-10-03,85123A,1013.59,1460.0982568090553,85.31258618403422,2870.799137162913
2011-10-03,M,3500.54,3048.306768714725,267.85287289419404,6051.841203610193
2011-10-03,POST,1077.0,1691.9677013437795,749.9667707539211,2646.532383240214
2011-10-10,22086,3336.61,2227.4033663407204,1531.0448799610144,2913.6740959630474
2011-10-10,22423,4338.3,2257.693619347855,672.8856378920924,3702.8905271701747
2011-10-10,23166,63.75,63.12946481584681,32.25674918455425,92.94016565739533
2011-10-10,47566,589.0500000000001,1450.0487137414507,709.7343164132446,2188.230056712659
2011-10-10,84879,941.3299999999999,1257.1969169565032,236.6751394583846,2294.9841436899665
2011-10-10,85099B,4936.92,2802.8619056453595,1881.4856820852187,3789.5145439842504
2011-10-10,85123A,731.5500000000001,1205.3162883532254,0.0,2603.2226613705
2011-10-10,M,19.25,2731.1904214453466,0.0,5504.1163234857595
2011-10-10,POST,1921.0,1821.843088885377,807.6315436614459,2745.033797096778
2011-10-17,22086,2003.5800000000002,2080.4062621748603,1359.9463501607024,2716.16791886105
2011-10-17,22423,2753.52,2184.6499536403476,676.2354544838827,3745.8771011519525
2011-10-17,23166,72.42,68.57818490843322,35.928245702487814,97.29946800472537
2011-10-17,47566,445.5,1008.9459136600001,277.19014361426196,1750.5458865588637
2011-10-17,84879,1227.8799999999999,1149.5693337010077,176.72120079502747,2138.6943754333383
2011-10-17,85099B,2360.56,2253.1172675269304,1324.290216451611,3195.3642158560597
2011-10-17,85123A,1686.14,1241.982007818127,0.0,2777.7732006675587
2011-10-17,M,1288.74,2991.966399743536,216.59851121982157,5738.348628234304
2011-10-17,POST,2155.5,1775.9005436323532,789.4830185888509,2817.8763493232955
2011-10-24,22086,2124.02,1917.7018510050586,1226.9889832748,2574.049261005504
2011-10-24,22423,2427.21,2277.0852183744587,805.3684823556389,3699.598573081304
2011-10-24,23166,77.5,99.78033348788264,69.82679046770788,129.93373650182832
2011-10-24,47566,741.85,517.4672932704289,0.0,1274.250746981365
2011-10-24,84879,806.13,1229.934465416045,296.5777835354624,2189.000794897393
2011-10-24,85099B,1664.69,1621.4298649808015,712.0562496194127,2583.263280781126
2011-10-24,85123A,641.48,1642.882237270443,304.3632542524652,3123.3651111423974
2011-10-24,M,7707.88,3565.9833500934124,786.0739918297894,6288.682735432944
2011-10-24,POST,1169.0,1764.0507091840682,854.4514262553743,2745.691736396805
2011-10-31,22086,1119.21,2063.003476004778,1356.772537575419,2686.4950262695397
2011-10-31,22423,2086.71,2226.573926869642,734.1016824915538,3739.9040957546204
2011-10-31,23166,55.0,22.794685974058474,0.0,54.85504398289169
2011-10-31,47566,455.40000000000003,378.60931587297904,0.0,1138.0543783619448
2011-10-31,84879,1247.69,1587.7006737402062,538.1275350302811,2520.7322940232043
2011-10-31,85099B,709.37,1448.8775531826968,442.03136190288853,2339.297794038702
2011-10-31,85123A,1375.68,2050.244296093622,714.843379072867,3620.7771691808116
2011-10-31,M,9044.86,3554.2278824415057,730.3440027851316,6221.844320080534
2011-10-31,POST,2712.0,1908.3003327266645,975.6389256485749,2871.3488829175994
2011-11-07,22086,4318.85,2581.357887950296,1914.3162905231259,3261.5456393744475
2011-11-07,22423,2936.1,1932.8513130451388,325.2766113368561,3402.4356971958755
2011-11-07,23166,38.75,14.15457244348497,0.0,45.919513733929165
2011-11-07,47566,357.35,652.4584951959209,0.0,1419.8090261367024
2011-11-07,84879,1435.28,2074.0511770854023,1042.8923443018707,3080.2684959792155
2011-11-07,85099B,2035.9,1869.23388893871,858.8761809179563,2851.7003290577068
2011-11-07,85123A,5070.1,2126.0689850565104,705.6933850932793,3601.49018707926
2011-11-07,M,229.43,2489.458375233427,0.0,5314.6696795263515
2011-11-07,POST,1719.0,2132.622990676269,1185.7372620474123,3028.913096031458
2011-11-14,22086,2933.78,3261.116168998658,2587.610152776419,3936.479887198903
2011-11-14,22423,1458.57,1764.35744705547,238.02726086611506,3256.3793052835194
2011-11-14,23166,73.67,133.42179386552914,101.82917159014795,161.50067352139916
2011-11-14,47566,495.00000000000006,1028.0223524659461,238.55513524286414,1725.5592339939064
2011-11-14,84879,3058.67,2399.2854856001427,1439.6481442730708,3420.9679424596748
2011-11-14,85099B,4913.78,2501.5871774670486,1474.8546952355405,3445.017044322042
2011-11-14,85123A,2489.67,2002.9499519484602,708.5982775191169,3487.556958479333
2011-11-14,M,1401.76,928.6562287922122,0.0,3668.949758496336
2011-11-14,POST,1885.0,2330.505922415807,1394.351127098767,3223.231541321519
2011-11-21,22086,3697.4500000000003,3797.129520053147,3152.6863830939205,4475.523263982209
2011-11-21,22423,2961.6,2174.05038739904,595.9036157097024,3614.6802454892018
2011-11-21,23166,328.43,246.70507150677858,216.28301592269713,277.5884036886989
2011-11-21,47566,2232.05,1147.464105529762,331.69342969231656,1910.5279848613532
2011-11-21,84879,1946.13,2362.921102051732,1346.6988432678647,3349.170262671337
2011-11-21,85099B,2006.22,2832.1739661414404,1863.2884067302002,3774.9157896557836
2011-11-21,85123A,2575.15,2119.533809888387,706.8507960595803,3477.9500189084
2011-11-21,M,913.45,0.0,0.0,2803.178874793499
2011-11-21,POST,3696.0,2502.8002132466395,1514.2790371337999,3387.703647759792
2011-11-28,22086,3812.73,3935.333041479774,3237.3015659411435,4637.711585242218
2011-11-28,22423,2465.52,3052.580790068906,1569.8765270610684,4526.678649999197
2011-11-28,23166,188.59,255.35044189566156,226.54681031744275,286.7706055318903
2011-11-28,47566,557.0600000000001,926.4981536584171,182.48731075086562,1708.862577763478
2011-11-28,84879,1422.23,1996.5917182385376,1061.4127354915474,2978.8827176128416
2011-11-28,85099B,1177.65,2659.112636264063,1679.327447727131,3593.225881602075
2011-11-28,85123A,2604.0099999999998,2600.9852316666056,1126.0150987349996,3947.43249977844
2011-11-28,M,440.43,0.0,0.0,2388.5434568200412
2011-11-28,POST,2088.95,2646.337204316157,1736.7347088833917,3560.2671481331604
2011-12-05,22086,3356.7200000000003,3502.200546954751,2808.9680906026642,4198.227460497231
2011-12-05,22423,2368.98,3638.401111185938,2092.641104758986,5116.686530391221
2011-12-05,23166,223.51,191.03236687177332,157.81652890805373,220.3635193266299
2011-12-05,47566,376.20000000000005,570.7347290748512,0.0,1306.2324473939661
2011-12-05,84879,1596.3,1493.2505075337058,462.6071291913232,2444.7313234852727
2011-12-05,85099B,1889.36,2168.6188922589913,1208.7462011206821,3137.2663080040834
2011-12-05,85123A,2332.99,2970.258804268236,1611.1824389310852,4377.464827575133
2011-12-05,M,432.24,197.82492878476944,0.0,3038.651376407065
2011-12-05,POST,2064.0,2599.15187564036,1576.7159271570008,3597.75645241464
2011-12-12,22086,1875.95,2461.471275503941,1739.3100398500972,3139.127147652061
2011-12-12,22423,3418.5,3222.2474788924283,1725.731212207258,4790.643663870134
2011-12-12,23166,58.67,66.53140255164497,36.83336584394848,97.9179246125182
2011-12-12,23843,168469.6,,,
2011-12-12,47566,163.35,333.35005135132405,0.0,1093.900646421056
2011-12-12,84879,793.55,1023.0006867262408,50.17235317990364,2029.9764881000817
2011-12-12,85099B,711.48,1660.0280532015056,728.461644974925,2641.174216332088
2011-12-12,85123A,935.05,2625.791021385362,1228.0445672186236,4051.660993197283
2011-12-12,M,7.109999999999999,426.5465523458128,0.0,3284.7663528124062
2011-12-12,POST,1675.0,2163.389320079211,1171.5255686940197,3067.6525587374267
